{
  "project_info": {
    "project_number": "671613896558",
    "project_id": "device-management-ae88c",
    "storage_bucket": "device-management-ae88c.firebasestorage.app"
  },
  "client": [
    {
      "client_info": {
        "mobilesdk_app_id": "1:671613896558:android:66f5c5bd76cf7a1e93237f",
        "android_client_info": {
          "package_name": "com.computacaomovel.devicemanagement"
        }
      },
      "oauth_client": [
        {
          "client_id": "671613896558-a7tva0sjkj6fea0avhrp0f5vnfq2celd.apps.googleusercontent.com",
          "client_type": 3
        }
      ],
      "api_key": [
        {
          "current_key": "AIzaSyCxNSDYpdHlxO3oB5hBWanW5FmmckBgirc"
        }
      ],
      "services": {
        "appinvite_service": {
          "other_platform_oauth_client": [
            {
              "client_id": "671613896558-a7tva0sjkj6fea0avhrp0f5vnfq2celd.apps.googleusercontent.com",
              "client_type": 3
            }
          ]
        }
      }
    }
  ],
  "configuration_version": "1"
}